{"cameraMode":{"drawMode":0,"name":"Shaded","section":"Shading Mode"},"sceneLighting":true,"audioPlay":false,"sceneViewState":{"m_AlwaysRefresh":false,"showFog":true,"showSkybox":true,"showFlares":true,"showImageEffects":true,"showParticleSystems":true,"showVisualEffectGraphs":true,"m_FxEnabled":true},"in2DMode":false,"pivot":{"x":0.7481034994125366,"y":1.8180735111236573,"z":-1.923633098602295},"rotation":{"x":-0.2274177372455597,"y":0.21750988066196443,"z":-0.05219302326440811,"w":-0.9477623701095581},"size":3.4911890029907228,"orthographic":true}