{"cameraMode":{"drawMode":0,"name":"Shaded","section":"Shading Mode"},"sceneLighting":true,"audioPlay":false,"sceneViewState":{"m_AlwaysRefresh":false,"showFog":true,"showSkybox":true,"showFlares":true,"showImageEffects":true,"showParticleSystems":true,"showVisualEffectGraphs":true,"m_FxEnabled":true},"in2DMode":false,"pivot":{"x":-0.22888940572738648,"y":-0.29895031452178957,"z":0.5732439756393433},"rotation":{"x":0.20624183118343354,"y":0.7910502552986145,"z":-0.36754029989242556,"w":0.44364210963249209},"size":1.6518537998199463,"orthographic":true}