{"cameraMode":{"drawMode":0,"name":"Shaded","section":"Shading Mode"},"sceneLighting":true,"audioPlay":false,"sceneViewState":{"m_AlwaysRefresh":false,"showFog":true,"showSkybox":true,"showFlares":true,"showImageEffects":true,"showParticleSystems":true,"showVisualEffectGraphs":true,"m_FxEnabled":true},"in2DMode":false,"pivot":{"x":-0.636833131313324,"y":-1.019869089126587,"z":-0.23074018955230714},"rotation":{"x":0.06988757103681565,"y":0.5040510892868042,"z":-0.04078619182109833,"w":0.8599885106086731},"size":1.5977472066879273,"orthographic":true}