{"cameraMode":{"drawMode":0,"name":"Shaded","section":"Shading Mode"},"sceneLighting":true,"audioPlay":false,"sceneViewState":{"m_AlwaysRefresh":false,"showFog":true,"showSkybox":true,"showFlares":true,"showImageEffects":true,"showParticleSystems":true,"showVisualEffectGraphs":true,"m_FxEnabled":true},"in2DMode":false,"pivot":{"x":0.07208240032196045,"y":0.09824621677398682,"z":-0.37182146310806277},"rotation":{"x":-0.2689073383808136,"y":0.19903738796710969,"z":-0.05686676502227783,"w":-0.9408076405525208},"size":1.4648795127868653,"orthographic":true}