{"cameraMode":{"drawMode":0,"name":"Shaded","section":"Shading Mode"},"sceneLighting":true,"audioPlay":false,"sceneViewState":{"m_AlwaysRefresh":false,"showFog":true,"showSkybox":true,"showFlares":true,"showImageEffects":true,"showParticleSystems":true,"showVisualEffectGraphs":true,"m_FxEnabled":true},"in2DMode":false,"pivot":{"x":-0.4498530626296997,"y":-0.7422460317611694,"z":-1.2149417400360108},"rotation":{"x":0.22712406516075135,"y":0.16480250656604768,"z":-0.03891264274716377,"w":0.9591366648674011},"size":0.7378120422363281,"orthographic":true}