{"cameraMode":{"drawMode":0,"name":"Shaded","section":"Shading Mode"},"sceneLighting":true,"audioPlay":false,"sceneViewState":{"m_AlwaysRefresh":false,"showFog":true,"showSkybox":true,"showFlares":true,"showImageEffects":true,"showParticleSystems":true,"showVisualEffectGraphs":true,"m_FxEnabled":true},"in2DMode":false,"pivot":{"x":-0.3621332049369812,"y":1.5667762756347657,"z":0.9808568954467773},"rotation":{"x":-0.1715208888053894,"y":0.03868795931339264,"z":-0.0067222085781395439,"w":-0.984435498714447},"size":3.2593610286712648,"orthographic":true}