{"cameraMode":{"drawMode":0,"name":"Shaded","section":"Shading Mode"},"sceneLighting":true,"audioPlay":false,"sceneViewState":{"m_AlwaysRefresh":false,"showFog":true,"showSkybox":true,"showFlares":true,"showImageEffects":true,"showParticleSystems":true,"showVisualEffectGraphs":true,"m_FxEnabled":true},"in2DMode":false,"pivot":{"x":0.3203277587890625,"y":-0.6258484125137329,"z":-1.1426109075546265},"rotation":{"x":0.14925113320350648,"y":0.7352727055549622,"z":-0.17171360552310944,"w":0.6385942697525024},"size":1.3054968118667603,"orthographic":true}