{"cameraMode":{"drawMode":0,"name":"Shaded","section":"Shading Mode"},"sceneLighting":true,"audioPlay":false,"sceneViewState":{"m_AlwaysRefresh":false,"showFog":true,"showSkybox":true,"showFlares":true,"showImageEffects":true,"showParticleSystems":true,"showVisualEffectGraphs":true,"m_FxEnabled":true},"in2DMode":false,"pivot":{"x":0.6800546646118164,"y":-0.1003895103931427,"z":0.5974040031433106},"rotation":{"x":-0.22189168632030488,"y":0.2446775883436203,"z":-0.05762733146548271,"w":-0.9421136975288391},"size":7.071067810058594,"orthographic":false}