{"cameraMode":{"drawMode":0,"name":"Shaded","section":"Shading Mode"},"sceneLighting":true,"audioPlay":false,"sceneViewState":{"m_AlwaysRefresh":false,"showFog":true,"showSkybox":true,"showFlares":true,"showImageEffects":true,"showParticleSystems":true,"showVisualEffectGraphs":true,"m_FxEnabled":true},"in2DMode":false,"pivot":{"x":-1.372999906539917,"y":2.5648860931396486,"z":0.18958473205566407},"rotation":{"x":-0.061372432857751849,"y":0.7871020436286926,"z":-0.07937122881412506,"w":-0.6086120009422302},"size":3.5051140785217287,"orthographic":true}