{"cameraMode":{"drawMode":0,"name":"Shaded","section":"Shading Mode"},"sceneLighting":true,"audioPlay":false,"sceneViewState":{"m_AlwaysRefresh":false,"showFog":true,"showSkybox":true,"showFlares":true,"showImageEffects":true,"showParticleSystems":true,"showVisualEffectGraphs":true,"m_FxEnabled":true},"in2DMode":false,"pivot":{"x":-0.1521853804588318,"y":-0.014437198638916016,"z":0.5506150722503662},"rotation":{"x":0.2399032562971115,"y":-0.3560124933719635,"z":0.09507956355810166,"w":0.8981869220733643},"size":3.55772066116333,"orthographic":true}