{"cameraMode":{"drawMode":0,"name":"Shaded","section":"Shading Mode"},"sceneLighting":true,"audioPlay":false,"sceneViewState":{"m_AlwaysRefresh":false,"showFog":true,"showSkybox":true,"showFlares":true,"showImageEffects":true,"showParticleSystems":true,"showVisualEffectGraphs":true,"m_FxEnabled":true},"in2DMode":false,"pivot":{"x":-1.3147979974746705,"y":2.4180171489715578,"z":2.657742977142334},"rotation":{"x":0.025683417916297914,"y":0.9544238448143005,"z":-0.08613084256649018,"w":0.2846004366874695},"size":3.967832326889038,"orthographic":true}