{"cameraMode":{"drawMode":0,"name":"Shaded","section":"Shading Mode"},"sceneLighting":true,"audioPlay":false,"sceneViewState":{"m_AlwaysRefresh":false,"showFog":true,"showSkybox":true,"showFlares":true,"showImageEffects":true,"showParticleSystems":true,"showVisualEffectGraphs":true,"m_FxEnabled":true},"in2DMode":false,"pivot":{"x":0.4669134020805359,"y":0.17539414763450623,"z":-1.5467101335525513},"rotation":{"x":0.32273223996162417,"y":0.6346009373664856,"z":-0.33034422993659975,"w":0.6198429465293884},"size":1.9653916358947755,"orthographic":true}