{"cameraMode":{"drawMode":0,"name":"Shaded","section":"Shading Mode"},"sceneLighting":true,"audioPlay":false,"sceneViewState":{"m_AlwaysRefresh":false,"showFog":true,"showSkybox":true,"showFlares":true,"showImageEffects":true,"showParticleSystems":true,"showVisualEffectGraphs":true,"m_FxEnabled":true},"in2DMode":false,"pivot":{"x":0.39094287157058718,"y":-0.6314710378646851,"z":-0.9405169486999512},"rotation":{"x":0.11253654956817627,"y":0.7902128100395203,"z":-0.15230050683021546,"w":0.5830062031745911},"size":0.4208313822746277,"orthographic":true}