{"cameraMode":{"drawMode":0,"name":"Shaded","section":"Shading Mode"},"sceneLighting":true,"audioPlay":false,"sceneViewState":{"m_AlwaysRefresh":false,"showFog":true,"showSkybox":true,"showFlares":true,"showImageEffects":true,"showParticleSystems":true,"showVisualEffectGraphs":true,"m_FxEnabled":true},"in2DMode":false,"pivot":{"x":-0.35150253772735598,"y":0.5467708706855774,"z":-0.09475353360176087},"rotation":{"x":0.4082946479320526,"y":0.35945358872413638,"z":-0.17894519865512849,"w":0.8199282288551331},"size":1.8736895322799683,"orthographic":true}