{"cameraMode":{"drawMode":0,"name":"Shaded","section":"Shading Mode"},"sceneLighting":true,"audioPlay":false,"sceneViewState":{"m_AlwaysRefresh":false,"showFog":true,"showSkybox":true,"showFlares":true,"showImageEffects":true,"showParticleSystems":true,"showVisualEffectGraphs":true,"m_FxEnabled":true},"in2DMode":false,"pivot":{"x":-1.3759002685546876,"y":-0.3347015380859375,"z":-0.08706486225128174},"rotation":{"x":0.019109908491373063,"y":-0.30554714798927309,"z":-0.0062409560196101669,"w":-0.9520896077156067},"size":3.887831211090088,"orthographic":true}