{"cameraMode":{"drawMode":0,"name":"Shaded","section":"Shading Mode"},"sceneLighting":true,"audioPlay":false,"sceneViewState":{"m_AlwaysRefresh":false,"showFog":true,"showSkybox":true,"showFlares":true,"showImageEffects":true,"showParticleSystems":true,"showVisualEffectGraphs":true,"m_FxEnabled":true},"in2DMode":false,"pivot":{"x":-0.4498530626296997,"y":-0.7422460317611694,"z":-1.2149417400360108},"rotation":{"x":0.19643329083919526,"y":0.26601365208625796,"z":-0.055327653884887698,"w":0.9422277212142944},"size":1.3471360206604005,"orthographic":true}