{"cameraMode":{"drawMode":0,"name":"Shaded","section":"Shading Mode"},"sceneLighting":true,"audioPlay":false,"sceneViewState":{"m_AlwaysRefresh":false,"showFog":true,"showSkybox":true,"showFlares":true,"showImageEffects":true,"showParticleSystems":true,"showVisualEffectGraphs":true,"m_FxEnabled":true},"in2DMode":false,"pivot":{"x":-0.16159507632255555,"y":-0.42585673928260805,"z":-1.1151617765426636},"rotation":{"x":-0.13844822347164155,"y":-0.34018996357917788,"z":0.050522580742836,"w":-0.9288718700408936},"size":0.8660253882408142,"orthographic":true}