{"cameraMode":{"drawMode":0,"name":"Shaded","section":"Shading Mode"},"sceneLighting":true,"audioPlay":false,"sceneViewState":{"m_AlwaysRefresh":false,"showFog":true,"showSkybox":true,"showFlares":true,"showImageEffects":true,"showParticleSystems":true,"showVisualEffectGraphs":true,"m_FxEnabled":true},"in2DMode":false,"pivot":{"x":-0.44673842191696169,"y":0.7364466190338135,"z":0.34874725341796877},"rotation":{"x":0.2399032562971115,"y":-0.3560124933719635,"z":0.09507956355810166,"w":0.8981869220733643},"size":3.355579137802124,"orthographic":true}