{"cameraMode":{"drawMode":0,"name":"Shaded","section":"Shading Mode"},"sceneLighting":true,"audioPlay":false,"sceneViewState":{"m_AlwaysRefresh":false,"showFog":true,"showSkybox":true,"showFlares":true,"showImageEffects":true,"showParticleSystems":true,"showVisualEffectGraphs":true,"m_FxEnabled":true},"in2DMode":false,"pivot":{"x":1.7554292678833008,"y":-0.3880229592323303,"z":1.8077398538589478},"rotation":{"x":-0.27230095863342287,"y":0.3415335416793823,"z":-0.10408228635787964,"w":-0.8935192227363586},"size":2.0322582721710207,"orthographic":false}