{"cameraMode":{"drawMode":0,"name":"Shaded","section":"Shading Mode"},"sceneLighting":true,"audioPlay":false,"sceneViewState":{"m_AlwaysRefresh":false,"showFog":true,"showSkybox":true,"showFlares":true,"showImageEffects":true,"showParticleSystems":true,"showVisualEffectGraphs":true,"m_FxEnabled":true},"in2DMode":false,"pivot":{"x":3.399993896484375,"y":-2.6251134872436525,"z":8.282892227172852},"rotation":{"x":0.09876418858766556,"y":0.17730674147605897,"z":-0.017706630751490594,"w":0.9791162610054016},"size":6.781886577606201,"orthographic":true}