{"cameraMode":{"drawMode":0,"name":"Shaded","section":"Shading Mode"},"sceneLighting":true,"audioPlay":false,"sceneViewState":{"m_AlwaysRefresh":false,"showFog":true,"showSkybox":true,"showFlares":true,"showImageEffects":true,"showParticleSystems":true,"showVisualEffectGraphs":true,"m_FxEnabled":true},"in2DMode":false,"pivot":{"x":-0.8820000290870667,"y":-0.45511317253112795,"z":2.432892322540283},"rotation":{"x":0.14043237268924714,"y":0.31268540024757388,"z":-0.046615708619356158,"w":0.9383552670478821},"size":2.7325809001922609,"orthographic":true}