{"cameraMode":{"drawMode":0,"name":"Shaded","section":"Shading Mode"},"sceneLighting":false,"audioPlay":false,"sceneViewState":{"m_AlwaysRefresh":false,"showFog":true,"showSkybox":false,"showFlares":true,"showImageEffects":true,"showParticleSystems":true,"showVisualEffectGraphs":true,"m_FxEnabled":true},"in2DMode":false,"pivot":{"x":-1.6900062561035157,"y":-2.5051136016845705,"z":6.7228922843933109},"rotation":{"x":0.18486562371253968,"y":0.38392674922943118,"z":-0.07849743962287903,"w":0.9013489484786987},"size":0.20801544189453126,"orthographic":true}