{"cameraMode":{"drawMode":0,"name":"Shaded","section":"Shading Mode"},"sceneLighting":false,"audioPlay":false,"sceneViewState":{"m_AlwaysRefresh":false,"showFog":true,"showSkybox":false,"showFlares":true,"showImageEffects":true,"showParticleSystems":true,"showVisualEffectGraphs":true,"m_FxEnabled":true},"in2DMode":false,"pivot":{"x":-0.5297527313232422,"y":0.7694882154464722,"z":1.2440509796142579},"rotation":{"x":0.3937830626964569,"y":0.2851332724094391,"z":-0.12984918057918549,"w":0.8642811179161072},"size":0.03696715086698532,"orthographic":true}