{"cameraMode":{"drawMode":0,"name":"Shaded","section":"Shading Mode"},"sceneLighting":false,"audioPlay":false,"sceneViewState":{"m_AlwaysRefresh":false,"showFog":true,"showSkybox":false,"showFlares":true,"showImageEffects":true,"showParticleSystems":true,"showVisualEffectGraphs":true,"m_FxEnabled":true},"in2DMode":false,"pivot":{"x":-1.7906841039657593,"y":-2.5136988162994386,"z":5.963618755340576},"rotation":{"x":-0.2696237564086914,"y":-0.00000951480251387693,"z":0.000002451943146297708,"w":-0.962973952293396},"size":0.4004601538181305,"orthographic":false}