{"cameraMode":{"drawMode":0,"name":"Shaded","section":"Shading Mode"},"sceneLighting":true,"audioPlay":false,"sceneViewState":{"m_AlwaysRefresh":false,"showFog":true,"showSkybox":true,"showFlares":true,"showImageEffects":true,"showParticleSystems":true,"showVisualEffectGraphs":true,"m_FxEnabled":true},"in2DMode":false,"pivot":{"x":-2.8233442306518556,"y":-9.986405372619629,"z":26.347322463989259},"rotation":{"x":-0.20120136439800263,"y":-0.011754319071769715,"z":0.0024146409705281259,"w":-0.9794767498970032},"size":16.51058006286621,"orthographic":false}